USED,10
OURS,6
SIZE,6
BASH,5
WEAK,6
VICE,6
ALUM,5
DIPS,5
ILLS,8
WARY,6
THEM,7
PAGE,5
RUSH,6
JIGS,5
LIED,5
STEM,5
KINK,6
MOJO,6
SAND,6
MEEK,5
FEST,5
CARS,5
BURL,5
SUED,5
CUSP,6
VEAL,6
SNUG,5
BAIT,6
RIFE,6
PAWS,5
TUNE,5
WICK,5
SEND,6
HUGS,5
DING,6
ORCS,6
KNEE,7
RATS,5
PITY,6
BUSH,6
FART,5
SILT,5
KNEW,6
FACE,6
WATT,6
CAKE,5
DESK,6
VETO,6
SURF,6
IDEA,8
PICS,6
GALE,5
PANS,5
NONE,5
GLUT,5
OPUS,7
YUCK,5
GIFT,5
NAME,5
DISS,6
AGAR,9
MEAD,6
TIDE,5
NICK,5
NEXT,6
ALLY,8
DREW,5
TRIO,5
DIES,5
VOID,5
WEAR,5
SALT,5
CHEF,5
DEED,5
WINE,6
BIRD,6
RIDE,6
CURT,5
JUKE,5
BURR,5
MASS,5
WEEK,5
AGED,7
NINE,6
WINK,5
ASKS,8
GARB,6
NANO,6
SAVE,5
WAND,6
MONO,5
GEEK,5
PYRO,5
GAGS,5
MEAT,5
POEM,5
WILD,5
FURL,5
SAWS,5
ACES,8
TACO,6
SMUG,5
TWIN,6
RICE,6
AMEN,9
GIGA,6
HISS,5
DRAW,5
TAKE,5
FRAT,5
ANTI,8
OVEN,8
DEMO,7
BITE,5
AIRY,7
ABLY,9
BABY,7
LAZY,6
KEEN,5
SELL,5
HATE,6
VIEW,6
AMID,7
BEST,5
PITA,6
VEIN,6
XRAY,5
SEAL,6
MICE,6
SCAR,5
OPTS,6
FIST,5
STAR,5
SOAK,5
WILT,5
TALE,5
THAT,5
RUIN,6
RINK,6
LURE,5
NOEL,6
WIRE,5
MUSE,6
TERM,6
BEND,5
TIRE,5
SEED,5
DENY,6
FEUD,6
ALES,7
SPAS,6
LAMB,5
FITS,5
VERY,7
TAXI,8
VASE,6
GASP,5
LAKE,6
OATS,5
CURB,6
SCUM,6
INCH,10
SKIM,5
DEEM,5
WAKE,5
SUIT,5
PUNT,5
DIAL,5
VANS,5
SANG,6
TARP,5
NEAT,5
GAIT,6
JOSH,5
RIMS,5
FAKE,6
TINY,6
HARP,5
SEWN,5
KEMP,5
RANK,5
CAPE,5
RITZ,7
DARK,5
HAMS,5
DIRE,5
BRAN,5
AVID,7
ARMS,6
SIDE,6
DUNK,5
HELP,5
HUSH,6
YOGA,6
THIS,6
SPAR,5
ONLY,7
HEAP,5
LINK,5
EPIC,7
MERC,6
HUBS,5
ARID,6
VISE,6
PUFF,6
GEAR,5
GUST,5
FELL,5
FINS,5
REPS,6
OUTS,5
MAGS,5
MUTT,5
SINE,6
BULB,5
USES,9
HARM,6
EATS,5
DEFY,6
BANE,5
GUYS,5
NUKE,5
AGES,8
VOTE,5
TRUE,7
MUGS,5
MAID,6
BLAH,5
DAMS,5
NEWS,5
OARS,6
JERK,6
SAFE,5
MEET,6
NODE,5
ROTE,5
OWLS,8
HAIR,6
MERE,5
PAIR,5
LIDS,5
TAPS,5
RAGS,5
DIRT,6
LEND,6
MUSK,6
DYES,5
WEBS,6
GRUB,6
INKS,6
CANT,5
ENDS,7
DRAG,5
AXEL,8
KITE,6
LEVY,8
BUST,5
MADE,6
YARN,5
BALM,5
TIPS,5
FEAR,5
DAWN,5
HUNT,5
HALF,5
LIFE,5
JIVE,6
SPAT,5
PAWN,5
CARE,5
WENT,6
ORES,6
MARK,6
DINE,5
SIGN,8
RISE,5
YEAH,6
JACK,5
FADE,6
HIVE,6
SLUM,5
KHAN,5
LARK,5
RENT,6
VISA,7
STIR,6
RIFT,5
TANG,6
PATE,5
MANA,6
WIND,6
ITCH,9
FARM,6
SHAG,5
WELL,5
THAW,5
BADE,5
FUSE,6
ABLE,10
GERM,6
HARD,6
DUAL,5
NETS,5
ELSE,7
EAST,5
RITE,6
WELD,5
DEAL,5
MICS,6
CITY,6
OILY,6
EELS,6
BEET,5
GAGE,6
HART,5
FUNK,5
LEES,5
RIPE,5
DICE,5
READ,5
GUNS,6
APES,7
BARE,5
MIND,6
MESA,6
LACY,5
MALT,5
WHEY,6
DOJO,7
SEAT,5
TYRE,5
ROSY,5
DRUM,5
HULA,5
BATH,5
KILT,5
UREA,9
FATE,6
GELS,5
LUSH,5
WART,6
LENT,5
MAMA,6
FACT,6
RUFF,6
MISS,5
SPUN,5
OWNS,8
BLUR,5
BARB,5
TART,5
RAIL,5
GENE,6
GNAT,5
LARD,6
SPEC,6
TREK,7
LACE,5
YEAR,5
BRED,5
PARK,5
HEAD,5
DIRK,5
NUNS,6
VEIL,7
SHIM,5
LUTE,5
WHOA,7
CUBE,5
GRID,5
REAM,5
PEGS,5
HARE,5
DEAF,6
MINE,6
FEAT,5
DAYS,5
VAST,5
DRAB,5
DIET,6
KNOB,5
SKIT,5
RICH,6
DATA,6
VILE,5
HIRE,6
VANE,6
TYPO,7
NECK,5
MEWS,5
RANT,6
FILE,5
MAYO,7
FORM,5
KALE,5
HERB,6
SWAT,5
DYED,5
PECK,5
MEAN,5
LAND,6
HATS,5
TINT,6
WINS,5
BAUD,6
STAG,5
BULK,5
FINE,6
LUGE,5
SURE,5
EARN,5
TUFF,6
MEND,6
HERS,6
SACK,5
MALE,5
WHOM,6
ACRE,9
EARL,6
BUOY,6
GATE,6
TEMP,5
SUCK,5
PACE,5
HINT,5
HAZY,7
SOFA,5
HUNG,5
LAVA,6
NEWT,6
BANG,5
JAWS,5
SIPS,5
BETA,5
JAZZ,8
MINK,5
PUGS,5
TICS,6
SCAM,5
KAVA,7
PAVE,5
RULE,5
TASK,6
KISS,6
LIKE,5
JARS,6
CAVE,5
BASE,5
PAST,5
AIRS,6
DISK,6
MATH,6
FUZZ,8
HUFF,6
TEAS,6
MAPS,5
THEN,6
LADY,6
TERN,5
TUBS,5
WORM,5
KNIT,6
TACK,5
CARD,5
OVER,9
WIFE,6
ETCH,8
TITS,5
CASK,5
BARS,5
SEAR,5
PUNY,5
EACH,7
HAZE,6
JEST,5
GOSH,5
ONES,7
FAUX,6
GONE,5
OOZE,5
SALE,5
LEER,5
DAZE,5
ZIPS,5
MIST,5
GEEZ,6
TINS,5
GETS,5
SWIM,5
GAVE,6
RANG,6
PADS,5
WASP,5
MITT,5
GRIT,5
WARE,5
CART,5
PUTT,6
DUTY,6
DIVE,5
WHEN,6
JUNK,5
PEST,5
MINI,6
STEW,5
MASK,6
MARS,6
HIGH,8
GYNO,7
PANG,6
SHAM,5
NICE,6
BLUE,5
ANON,6
ICED,7
LIEU,5
WANT,6
INNS,5
REAL,6
HUES,5
THUS,7
GLEE,5
MASH,6
SANE,5
WAIT,6
SKIN,5
SAGA,6
MEMO,6
RAFT,6
PONG,5
ANTS,7
PUBS,5
CENT,6
YULE,6
TYPE,6
ATOM,5
ICES,7
NORM,5
OLDE,9
DARN,5
AHEM,8
HAWK,5
WHIT,5
TURN,5
LANE,6
PACK,5
FIRM,6
ANEW,7
LINE,5
EVER,8
PEAS,5
SPIT,5
LORD,5
HERD,5
DELI,5
HASH,6
WITS,5
GAPS,5
FOLK,5
MAUL,5
SHED,5
PINK,6
WHIM,5
JAVA,7
EVEN,8
SING,6
DUES,5
IRIS,5
KNOW,5
PAIN,5
CUES,5
ZINE,6
ROVE,5
BILE,5
WHIZ,5
HERE,5
DECK,5
CURE,5
LASH,5
PARS,5
HEAT,5
ROBE,5
OWED,7
DINO,6
MANY,6
DEAN,5
SWAM,5
DUSK,6
GLUE,5
CAFE,5
WEPT,6
JADE,6
TOES,5
BEAD,5
REVS,6
DUNG,6
FURS,6
AIDE,6
MELT,5
SETS,5
WAGE,6
SECS,6
SILO,5
NANA,6
PACT,6
VERB,7
CAGE,5
GUTS,5
DUCK,5
PATH,6
APEX,7
KIND,6
SCAN,6
AXLE,11
DECO,6
TUBA,6
SIRE,5
FUSS,6
BEAK,5
GRAB,5
PINE,5
EGGS,5
EDDY,8
TENS,5
FRET,6
REAP,6
TILE,5
MUST,5
FEED,5
HIDE,6
HAND,5
SWAB,5
RACK,5
SCAT,5
DUEL,5
MEME,5
MATE,6
AKIN,6
WING,6
HIKE,5
PENS,5
TUBE,6
NAPS,5
WISE,5
NEED,5
ARIA,7
NUDE,6
FURY,6
HIPS,5
FOES,5
QUID,7
SEER,5
BANS,5
BARD,5
AIMS,5
CALF,5
HYPE,5
MINT,6
FAME,5
GANG,6
AMPS,8
LEAK,5
NEST,5
KILO,5
TAPE,5
MUCK,5
WHAT,5
WARP,5
KING,6
RIGS,5
HANG,5
SINK,6
MIME,5
SNAG,5
RAGE,6
IDES,7
DUDE,6
HUTS,5
SMUT,6
CUFF,6
WERE,5
MAGE,6
LUBE,5
SITS,5
MEDS,5
SPAM,5
MARE,5
LINT,5
PUTS,5
SUNG,6
NAVY,7
NAVE,6
LIES,5
BURY,5
CLUB,6
JUST,5
TSAR,6
PASS,5
MAZE,6
ZINC,7
QUAY,9
SEEN,5
PITS,5
WIGS,5
SEAS,6
EASE,6
PINT,5
ZEAL,6
GAME,5
WISH,5
SAIL,5
MUSH,6
PISS,6
FANG,6
NAIL,5
ARCS,7
AXIS,9
THEY,7
JEAN,5
FELT,5
REST,5
WARD,5
BEAN,5
HULK,5
GYMS,6
MAIL,5
GIRL,5
SAGE,5
STUN,6
HEEL,5
THIN,5
JUGS,5
TECH,6
RAYS,5
PLUG,5
EDGY,7
HURT,6
ANTE,8
LIVE,5
QUIZ,7
SUNS,5
CITE,5
RUNG,6
SODA,5
YARD,6
MANE,6
WELT,5
MAKE,6
CURL,5
FEND,5
LEAD,5
BEES,5
DEAD,6
AVER,9
REEL,5
OMEN,8
SUCH,6
VEER,5
SIFT,5
GONG,5
VALE,5
ARMY,7
VERT,6
OAKS,6
KICK,5
FIAT,5
WONT,5
NOTE,5
RUGS,5
GIST,5
MISO,6
BEER,5
NUMB,5
COZY,5
EDGE,8
AREA,8
SINS,5
VETS,5
FILM,5
APPS,8
PINS,5
WEST,5
BUFF,6
LEEK,5
FARE,5
LAIR,5
SASH,6
RIPS,5
HELL,5
SHIN,5
YOLK,6
FRAY,5
RAID,5
SKID,5
CUTE,5
REIN,6
CLUE,5
GIVE,6
PAYS,5
DEBT,6
TEST,5
NIGH,8
TACT,6
FLUX,5
WALK,5
SONG,5
POND,5
LICE,5
SUES,5
BABE,6
NUTS,5
URNS,8
STAB,5
VENT,6
TEAL,5
TREE,6
MEAL,6
FLEA,5
BALE,5
KILN,5
MYTH,6
JAIL,5
MOTH,5
RODE,5
PAID,5
DULY,5
NIPS,5
TEXT,6
LAME,5
BAKE,6
GUSH,6
ACID,7
WARN,5
GALA,5
TICK,5
DADS,5
KELP,5
SACS,6
THAN,6
VAIN,5
OXEN,8
MILE,5
WORT,5
LAYS,5
SASS,5
SPIN,6
SECT,6
FATS,5
YELL,5
SEXY,7
PETS,5
MECH,6
TABS,5
MILK,5
MILD,5
UNIT,6
DIKE,5
BEEN,5
LOVE,5
MAST,5
FIZZ,9
KERN,6
ODDS,7
KIDS,5
TEAK,6
GAZE,6
EARS,5
HALE,5
GAIN,5
BUZZ,9
CALM,5
WEED,5
KITS,5
DATE,5
DONG,5
SEEK,5
LONG,5
STUD,6
BYTE,6
QUAD,8
PEAR,5
PIES,5
DAMN,5
GORY,5
ACNE,10
BAND,5
FAWN,6
YANK,5
SEES,5
FAIR,5
PICK,5
MATS,5
WIPE,5
GILT,5
PUCK,5
REPO,7
FIRE,5
DIED,5
FUND,5
BENT,5
GEMS,6
DUNE,5
FOXY,6
BUNS,5
TUNA,6
TAGS,5
PIGS,5
DART,6
OUCH,7
DUST,5
CASH,5
BEEF,5
VIAL,6
SHUT,5
BARK,5
BRAG,5
RAIN,5
PATS,5
BALD,5
EASY,6
TIER,6
FLEX,5
DIGS,5
DADA,6
MICA,7
FEET,6
CELL,5
RELY,7
VIVA,7
JAMS,5
HEAR,5
SPAN,6
GRAY,5
WAYS,5
YELP,6
BIKE,5
STUB,6
RISK,6
PUPS,5
REAR,5
SEAM,5
DARE,5
FUME,6
RIBS,5
FIVE,6
FIND,5
WARM,6
CANE,5
GALS,5
ZEST,5
REEF,6
RIFF,6
WRIT,6
FERN,6
TIED,5
NEAR,5
DALE,5
TUCK,5
SAYS,5
MAGI,6
HERO,6
PAPA,5
SICK,5
PEAK,5
RING,7
RATE,6
RACE,6
HENS,5
QUIT,6
LAWN,5
RUBS,5
LEAF,5
SANS,5
ZONE,5
HOAX,5
PART,5
FIGS,5
TENT,6
TEES,5
VARY,7
THEE,7
GRAN,5
SKEW,5
GYRO,6
MODE,5
KEPT,6
CRUX,7
TEND,6
TIDY,6
GLUG,5
JEEZ,6
RUSE,5
DANG,6
WADE,6
VEST,5
OWES,7
KART,6
TWIG,7
MART,6
LILY,6
SEEM,5
USER,10
OATH,6
PLUM,5
SIGH,7
META,6
WAVY,7
LUNG,6
TEAR,5
VIBE,6
GIGS,5
BEAM,5
YAWN,6
JAYS,5
FUEL,5
AFRO,8
ADDS,6
LENS,5
ARTS,7
MENU,7
TEEN,5
RAVE,6
SITE,6
FISH,6
SILK,5
SWAN,5
MUCH,6
CHUM,8
TRAY,5
TANK,5
SKIS,5
JETS,5
DISC,7
PUNK,5
PING,6
SWAG,5
LONE,5
BAIL,5
HAVE,6
TURF,6
ITEM,6
BRAY,5
SWAY,5
STAT,5
RUDE,6
BEAU,5
RARE,5
CASE,5
NERD,6
HAUL,5
SELF,6
BIND,5
SENT,6
EYED,6
LAID,5
PIER,5
EYES,6
MITE,6
HAIL,5
BUSY,6
LEAP,5
TALK,5
RUNS,5
SAKE,5
ORCA,7
VINE,6
HEIR,6
PANE,5
CRIB,5
WIDE,6
GLEN,6
FEES,5
DRUG,6
SANK,5
RASH,5
DUCT,6
FANS,5
PERM,5
BRIE,5
GNUS,8
HEAL,6
ZERO,7
REED,5
DAFT,6
DUKE,5
FEEL,5
KEEL,5
FAVE,6
MUSS,5
PLUS,6
TIES,6
GRIN,5
FREE,5
HELM,5
TEAM,5
MUTE,6
FAST,5
THUG,8
MOVE,5
MESH,6
LITE,5
MESS,5
GOTH,5
STAY,5
RAKE,6
WITH,6
ACHE,10
DIVA,6
TILT,5
RUNE,6
RUST,5
SAID,5
ARCH,8
AUNT,6
RUBY,6
SHUN,6
SUNK,5
DENT,6
BUTT,5
AFAR,10
KNOT,5
ANUS,7
PANT,5
ALAS,7
DUET,6
OPEN,7
MACE,6
JINX,7
MAIN,5
KEYS,6
WAVE,6
GOES,5
GUMS,5
ACTS,8
SPED,5
AIDS,5
HITS,5
HUGE,6
MULE,5
DISH,6
HALO,5
JURY,6
DEAR,5
OILS,7
PERT,5
PUSH,5
CZAR,5
WHEW,5
LATE,5
MEGA,7
DASH,6
WASH,6
WHAM,5
AXES,8
AWAY,6
CYAN,5
WARS,6
RIND,6
CARB,5
METH,6