POOP,0
BOOP,1
COOP,1
POOF,1
PROP,1
POOR,1
LOOP,1
POMP,1
PLOP,1
GOOP,1
POOL,1
HOOP,1
LOON,2
HOOK,2
LOOM,2
ROMP,2
FLOP,2
WOOF,2
PREP,2
LOOT,2
HOOT,2
PLAP,2
DOOR,2
CROP,2
COMP,2
CLOP,2
COUP,2
CHOP,2
POLL,2
GOOD,2
WOOL,2
GOOF,2
MOOR,2
GLOP,2
LOOK,2
HOOD,2
TOOL,2
HOOF,2
PLOW,2
PLOY,2
PROS,2
PLOT,2
PROM,2
FOOL,2
PUMP,2
COOT,2
DROP,2
COOS,2
PROW,2
COOL,2
COOK,2
SLOP,2
GOON,2
BOOT,2
BOOS,2
BOOR,2
ROOF,2
PROD,2
POME,2
BOON,2
BOOM,2
PLOD,2
BOOK,2
POUR,2
PIMP,2
PROF,2
BOOB,2
PROG,2
RUMP,3
FOUL,3
FOUR,3
LOST,3
LOCK,3
PLAT,3
PLAN,3
JUMP,3
CLOY,3
FLOW,3
BOPS,3
POPE,3
PLAY,3
CLOT,3
PREZ,3
CHOW,3
PREY,3
PALL,3
DRIP,3
YOUR,3
COME,3
TOLL,3
PILL,3
SOON,3
COMB,3
CLOG,3
COMA,3
BOAS,3
BOAR,3
MOOS,3
GROG,3
MOOT,3
STOP,3
MOON,3
HONK,3
SLOW,3
BROW,3
BUMP,3
GOAD,3
BROS,3
CONS,3
GROW,3
RAMP,3
CONK,3
BOYS,3
FLOE,3
FLOG,3
LION,3
BOBS,3
GOLD,3
LOUT,3
GOLF,3
DOME,3
LOUR,3
NOON,3
PEEP,3
COGS,3
CLAP,3
DOUR,3
CHAP,3
FLIP,3
FOOT,3
CLIP,3
HUMP,3
CHIP,3
FLAP,3
BORN,3
PORE,3
COWS,3
DOER,3
GLOB,3
ROLL,3
COWL,3
BOAT,3
SIMP,3
PULL,3
LOLL,3
KOOK,3
SLIP,3
SOOT,3
BOCK,3
DOLL,3
PULP,3
SLAP,3
COPS,3
NOOB,3
EROS,3
BOSS,3
TOME,3
NOOK,3
WOLF,3
PUMA,3
TOUR,3
FOOD,3
FOWL,3
COAT,3
BLOB,3
BODS,3
PRIM,3
PRIG,3
WOOD,3
FROG,3
TOOT,3
CROW,3
COAL,3
DOOM,3
HOST,3
BOLT,3
PRAM,3
FROM,3
FOIL,3
HOCK,3
COIL,3
BOLL,3
BOTS,3
WOOS,3
FOAL,3
CROC,3
POLE,3
CAMP,3
GOWN,3
HOLD,3
SUMP,3
COBS,3
GLOM,3
GLOW,3
BLOW,3
TOOK,3
BLOT,3
LOFT,3
BOUT,3
POSE,3
CORK,3
POKE,3
TOON,3
BOMB,3
PLED,3
CRAP,3
LIMP,3
ROOT,3
HOUR,3
HOED,3
SLOE,3
SLOB,3
COCK,3
LOIN,3
LOAM,3
LUMP,3
SHOP,3
SOUP,3
COST,3
SOME,3
MOOD,3
LOAN,3
DUMP,3
BONK,3
SLOG,3
SLOT,3
MOOK,3
WIMP,3
SOUR,3
CLOD,3
CODS,3
BOGS,3
POLO,3
POLY,3
COLT,3
HOLT,3
ZOOT,3
ZOOS,3
COTS,3
ROOD,3
TROD,3
BOWS,3
TOIL,3
ZOOM,3
POUT,3
ROOM,3
HOME,3
ROOK,3
TRIP,4
TOCK,4
COVE,4
TRIM,4
ROIL,4
SOFT,4
BEDS,4
PHAT,4
HOGS,4
HALL,4
BILL,4
SLAG,4
SLAB,4
DOTE,4
SCOW,4
FOND,4
FOLD,4
CHIC,4
PONS,4
DYER,4
CHIA,4
LEFT,4
DORK,4
GROK,4
DORM,4
RAMI,4
STOW,4
PONY,4
BEEP,4
RAMS,4
MILL,4
BUDS,4
DOSE,4
NOUN,4
ROID,4
HEST,4
SAME,4
JOCK,4
CHIT,4
ROLE,4
FLIT,4
CHIN,4
HANK,4
SOIL,4
DOVE,4
CUBS,4
PORK,4
PORN,4
BUGS,4
HALT,4
WRAP,4
SLAM,4
POPS,4
SLAW,4
SLAT,4
DOTS,4
FONT,4
SOGS,4
BEGS,4
JOBS,4
SLAY,4
TAIL,4
TOED,4
PIED,4
POSY,4
DOWN,4
POST,4
WISP,4
TALL,4
FORD,4
POTS,4
BRAT,4
FORE,4
BRAS,4
SLED,4
GLIB,4
PORT,4
EMOS,4
FOPS,4
BAAS,4
POSH,4
KOAN,4
LISP,4
LIST,4
LACK,4
CRAM,4
TROT,4
LOAD,4
HOMO,4
CRAG,4
LOAF,4
PEAT,4
CRAB,4
JOGS,4
WOAD,4
ROPE,4
SOMA,4
DOZE,4
HONE,4
HOLE,4
TAME,4
FORK,4
SNIP,4
DILL,4
HOLM,4
FORT,4
LULL,4
RASP,4
SLEW,4
DEER,4
SOLD,4
DEEP,4
SOLE,4
HOLY,4
TAMP,4
CRAY,4
BACK,4
SOLO,4
CRAW,4
DIME,4
LUMA,4
SONS,4
JOIN,4
HICK,4
LOCI,4
LOCH,4
BULL,4
MULL,4
LOCO,4
SLID,4
TOLE,4
TOLD,4
BELT,4
PILE,4
BITS,4
DRAM,4
SLIM,4
BELL,4
HOPE,4
BREW,4
SPOT,4
BUMS,4
HONS,4
CABS,4
TOKE,4
PIKE,4
LOBS,4
GORE,4
BOBO,4
TOMS,4
PEES,4
PEER,4
SNOB,4
CYST,4
IONS,4
ATOP,4
BUNK,4
BOBA,4
TONE,4
SNOG,4
MOBS,4
SKIP,4
ROTS,4
TONK,4
SLIT,4
CULT,4
BRIS,4
ROSE,4
GOSS,4
MOAN,4
HOPS,4
BRIM,4
CULL,4
MOAT,4
PEED,4
BRIG,4
CADS,4
BAGS,4
TOMB,4
PEEL,4
LAIN,4
SOPS,4
PEEN,4
JOKE,4
CREW,4
PEEK,4
HOSS,4
LUST,4
PIPE,4
LOGS,4
PRAT,4
BODE,4
SMOG,4
MODS,4
TOPS,4
SPUR,4
PRAY,4
HORN,4
MUON,4
FILL,4
NULL,4
SNOW,4
VAMP,4
GOUT,4
SNOT,4
TONS,4
SORE,4
MOCK,4
WOES,4
JOLT,4
SWAP,4
SORT,4
HOSE,4
LEST,4
ROUT,4
COAX,4
BODY,4
PION,4
ERAS,4
GILL,4
DUMB,4
TORE,4
NOCK,4
BURP,4
TORN,4
BURN,4
RILL,4
FRAG,4
COCA,4
SOUL,4
PUJA,4
PYRE,4
TORT,4
VOLE,4
TORR,4
DELL,4
BALL,4
BLAT,4
WALL,4
HOTS,4
CUPS,4
DULL,4
NEON,4
CODE,4
BLAB,4
CODA,4
NOBS,4
FLUE,4
GILD,4
LAMP,4
ROWS,4
HECK,4
TOTE,4
BUTS,4
DOCK,4
COED,4
SOWN,4
HUCK,4
SHIP,4
WOKE,4
GLUM,4
TOTS,4
BETS,4
SOWS,4
PULA,4
BANK,4
EGOS,4
VOLT,4
BOIL,4
NODS,4
MALL,4
PUKE,4
TOSS,4
HOWL,4
CLAW,4
CALL,4
WOMB,4
JOSS,4
CLAN,4
CLAM,4
HUED,4
CLAD,4
DOES,4
SEEP,4
HILL,4
BLEW,4
CAMI,4
HILT,4
WOKS,4
CAME,4
CUTS,4
GRAD,4
SILL,4
GRAM,4
BLED,4
ERGS,4
RIOT,4
TOUT,4
HEED,4
CLAY,4
POCK,4
LICK,4
DOGE,4
SLUG,4
MOLT,4
COIN,4
POCO,4
BOLO,4
SLUR,4
TILL,4
PUPA,4
FOAM,4
COIF,4
DOGS,4
BOLD,4
CAMS,4
LOPE,4
BOLA,4
CAMO,4
BARN,4
JOTS,4
BIAS,4
FULL,4
TOWS,4
BUYS,4
TOWN,4
LAST,4
CANS,4
MOLD,4
MOLE,4
BASS,4
MONS,4
LIEN,4
BONY,4
BIBS,4
GULF,4
DAME,4
POET,4
SHOD,4
SHOE,4
GULL,4
SHOO,4
GULP,4
LORE,4
PERP,4
BONG,4
COKE,4
YOKE,4
PURL,4
SHOW,4
BONE,4
SHOT,4
BOND,4
PURE,4
BATS,4
LOPS,4
WHAP,4
TIME,4
STEP,4
PODS,4
MOMS,4
BLIP,4
BRUT,4
PAIL,4
TOYS,4
GELD,4
JOWL,4
COLE,4
MONK,4
FOBS,4
COLD,4
GREW,4
GREY,4
CAPS,4
COLA,4
DAMP,4
HACK,4
LOSS,4
MOPS,4
POGO,4
CARP,4
ROAD,4
TRAD,4
ROAR,4
BIDS,4
TRAP,4
PALI,4
ROAN,4
TRAM,4
ROAM,4
PALE,4
RUMS,4
HELD,4
PALM,4
GOBS,4
PALS,4
CAST,4
WORD,4
BORA,4
WORE,4
VLOG,4
LIFT,4
GOAL,4
MOPE,4
CONN,4
ELAN,4
LOSE,4
WORK,4
GOAT,4
CONE,4
WORN,4
JOYS,4
FAIL,4
HEMP,4
CATS,4
ROCK,4
CHAW,4
LEAN,4
LEAM,4
FLAB,4
CHAT,4
CHAR,4
CLIT,4
FLAG,4
FLAK,4
HUMS,4
DOMS,4
NOPE,4
CHAI,4
FLAN,4
FOGS,4
GODS,4
FLAT,4
HOAR,4
FALL,4
FLAW,4
FLAX,4
FLAY,4
BORE,4
ALOE,4
LOTS,4
DOLE,4
ROBS,4
COPY,4
GRIM,4
HULL,4
MORE,4
LOUD,4
GRIP,4
DOLT,4
HEME,4
MORN,4
KILL,4
VOWS,4
COPE,4
CORE,4
CORD,4
BLOC,4
BAYS,4
SOBS,4
ERRS,4
WHIP,4
LUCK,4
TELL,4
ZONK,4
WOWS,4
BOTH,4
DONE,4
SUMO,4
CAWS,4
KEEP,4
MOSS,4
MOST,4
HUNK,4
BEAT,4
RODS,4
BEAR,4
SOAR,4
SOAP,4
SUMS,4
DONS,4
GOER,4
CORN,4
HOBS,4
LOWS,4
PLEA,4
BLOG,4
PARE,4
COTE,4
FLED,4
FLEE,4
OOPS,4
CHEW,4
COSY,4
SODS,4
CIGS,4
EONS,4
WEEP,4
HOES,4
HOER,4
FLEW,4
MOWS,4
MOWN,4
COSH,4
YORE,4
DOPE,4
SOCK,4
BUCK,4
GLAD,4
SNAP,4
GLAM,4
LIMB,4
LIMA,4
BECK,4
LIME,4
NOSE,4
TOAD,4
WILL,4
GALL,4
BUBS,4
LIMO,4
BOWL,4
LIMN,4
PICK,5
LEGS,5
DAWN,5
NEAR,5
LIPA,5
FARE,5
NEAT,5
SAKE,5
HALF,5
HALE,5
MUDS,5
YEAR,5
FART,5
HALO,5
LIPO,5
LINT,5
DYES,5
SERE,5
RUTS,5
MUCK,5
WEFT,5
JAGS,5
PIES,5
PIER,5
BLUE,5
DAYS,5
TOES,5
HAND,5
LIRA,5
HANG,5
LIRE,5
FATS,5
TURN,5
DUAL,5
SALE,5
LIPS,5
SPIT,5
WIPE,5
SALT,5
SETS,5
DAZE,5
BLUR,5
NECK,5
FAST,5
CEDE,5
HAMS,5
PIGS,5
GONG,5
DUBS,5
RIAL,5
LACY,5
SEWS,5
WISE,5
LITE,5
WISH,5
SEWN,5
GIBS,5
DUCK,5
WACK,5
WIST,5
HAPS,5
SANE,5
LABS,5
GUYS,5
WIRE,5
SANK,5
MUGS,5
NEED,5
LACE,5
COZY,5
SANS,5
JAIL,5
RIAD,5
GONE,5
DUDS,5
PEAS,5
PEAR,5
PEAL,5
HARE,5
LIVE,5
HARK,5
HARP,5
JETS,5
DUEL,5
HART,5
LENT,5
DUES,5
SNIT,5
WELL,5
LADS,5
TUTS,5
RIBS,5
WELD,5
WADS,5
SAPS,5
JESS,5
WITS,5
PEAK,5
JEST,5
WELT,5
PECS,5
ETAS,5
LAGS,5
MULE,5
SASS,5
BULK,5
GORY,5
GIFT,5
BULB,5
HATS,5
SATE,5
GOSH,5
SHAG,5
AEON,5
WAGS,5
LEPT,5
RIDS,5
ROPY,5
CACA,5
DYNE,5
EGGS,5
HASP,5
RIEL,5
PECK,5
JAMS,5
RIGS,5
ROSY,5
WAIL,5
BUNT,5
BUNS,5
CITE,5
ROTE,5
ATOM,5
CRED,5
TONG,5
BUNG,5
PINE,5
SAVE,5
PINS,5
NITS,5
NABS,5
RIFT,5
EMUS,5
SHAM,5
MUMS,5
SHAW,5
SHAT,5
MOAI,5
GIGS,5
HAUL,5
LAID,5
CELL,5
GOTH,5
LAIR,5
REAR,5
CAFE,5
SAWN,5
PEGS,5
ROUX,5
MODE,5
WEST,5
SPUD,5
ROVE,5
DUKE,5
WAKE,5
SAWS,5
SPUN,5
TIDE,5
SHED,5
FUEL,5
PIPS,5
LETS,5
SWAB,5
CAGE,5
YELL,5
WERE,5
HAWK,5
SWAG,5
GEAR,5
READ,5
SWAT,5
HAWS,5
SWAN,5
SWAM,5
REAM,5
LESS,5
TICK,5
SWAY,5
VOID,5
BURY,5
FLUX,5
GILT,5
BURS,5
BURR,5
SAYS,5
LANK,5
BURL,5
TORI,5
RILE,5
CRIB,5
BURG,5
BURB,5
WALK,5
WETS,5
LAMB,5
LAMA,5
BUST,5
WALE,5
LAME,5
TIED,5
FLUB,5
BUSK,5
NAGS,5
DULY,5
SNUG,5
BUTT,5
SNUB,5
SUBS,5
PELT,5
DOCS,5
LAPS,5
SHIN,5
PITS,5
SHIM,5
REDS,5
GEEK,5
CAKE,5
DUNE,5
RIME,5
PISH,5
MUSS,5
GEES,5
RIMA,5
MUST,5
DUNK,5
WANK,5
NAIL,5
REED,5
PACE,5
TOSH,5
RIMS,5
REEL,5
HUBS,5
PACK,5
REEK,5
CALM,5
GRAY,5
TEAT,5
TEAR,5
CALF,5
RIPE,5
LARK,5
KIDS,5
PEND,5
NETS,5
WARD,5
WARE,5
SUDS,5
HUES,5
PENT,5
PENS,5
SHIV,5
KICK,5
PADS,5
SHIT,5
DUPE,5
SUCK,5
GRAB,5
JAWS,5
ERGO,5
GRAN,5
REGS,5
TEAM,5
TEAL,5
NEST,5
YAMS,5
TILE,5
CANE,5
GABS,5
WASP,5
DUST,5
WHAM,5
SLUM,5
LATS,5
TILT,5
HUGS,5
PEPS,5
WARP,5
SUED,5
LASH,5
VIDS,5
PAGE,5
WARN,5
NAME,5
SWIM,5
PEON,5
JAYS,5
GIRD,5
LASS,5
SUES,5
VIED,5
CANT,5
GIRL,5
OUTS,5
CAPO,5
VOTE,5
GELS,5
MONO,5
PERK,5
TINE,5
CAPE,5
NAPE,5
FOCI,5
OOHS,5
NAPS,5
PERT,5
PERM,5
TINK,5
RADS,5
TINS,5
GIST,5
OUST,5
HYPE,5
FUND,5
LAUD,5
PAID,5
WHAT,5
YANK,5
FUNK,5
RISE,5
RACK,5
PAIN,5
TEED,5
TEES,5
TEEN,5
PAIR,5
CARS,5
CARE,5
CARD,5
CARB,5
PETS,5
TRAY,5
FOES,5
BIDE,5
TIPS,5
YAPS,5
CASK,5
SUIT,5
CASH,5
CASE,5
LAWN,5
LAWS,5
PEST,5
CYAN,5
CART,5
KILO,5
KILN,5
VILE,5
KILT,5
WAYS,5
PANE,5
TIRE,5
DIAL,5
MOSH,5
PANS,5
JUGS,5
TABS,5
GAIN,5
HOAX,5
HULA,5
MIEN,5
GRID,5
GAGS,5
FURL,5
WHEW,5
LAYS,5
YARN,5
HULK,5
GRIN,5
GRIT,5
GNAT,5
RAGS,5
SUNS,5
ZONE,5
DICE,5
PAPA,5
DICK,5
PAPS,5
SHUT,5
CAVE,5
WHIR,5
TITS,5
WHIT,5
WHIM,5
KEEN,5
SOAK,5
KEEL,5
HUNG,5
DONG,5
BEAU,5
RAID,5
BEAN,5
BEAM,5
HUNT,5
RAIN,5
MOTH,5
TACK,5
BEAK,5
RAIL,5
VEER,5
PEWS,5
VEES,5
DIBS,5
MOTE,5
SUNK,5
BEAD,5
SOBA,5
GALS,5
SUPS,5
DIED,5
JUKE,5
PARP,5
YAWS,5
PARK,5
TENS,5
MIKE,5
GAME,5
DIES,5
PART,5
PARS,5
CHEF,5
EAST,5
MEAN,5
KEGS,5
WHIZ,5
GALA,5
MEAT,5
REST,5
GALE,5
TEMP,5
MOVE,5
EARN,5
GETS,5
EARS,5
BIKE,5
SODA,5
DOSH,5
TRIO,5
MEDS,5
HUSK,5
PATE,5
RANK,5
MIME,5
DIGS,5
BOXY,5
PATS,5
LUGS,5
GAOL,5
FIAT,5
BILK,5
MEEK,5
ALUM,5
BILE,5
GAMS,5
BIND,5
HURL,5
FOLK,5
NAYS,5
CUBE,5
BEET,5
BEES,5
BEER,5
MILD,5
MILE,5
SOFA,5
IRIS,5
SURE,5
DORY,5
BEEN,5
PASS,5
PAST,5
BEEF,5
EATS,5
TAGS,5
MILK,5
PAVE,5
TERN,5
VELD,5
BINS,5
RAPS,5
BOZO,5
KEMP,5
BRAN,5
GLEE,5
SUSS,5
BRAG,5
JUNK,5
DEAR,5
HUTS,5
DEAN,5
DEAL,5
FIBS,5
GAPS,5
NUBS,5
KELP,5
MINK,5
KITS,5
TALE,5
TALC,5
RARE,5
TALK,5
CUED,5
PHEW,5
GASP,5
BRAY,5
FORA,5
XRAY,5
JURE,5
TAKE,5
LYRE,5
CLUE,5
PAWS,5
YUCK,5
TEST,5
DECK,5
LYSE,5
DIKE,5
CUES,5
SOLS,5
RATS,5
DIMS,5
TANK,5
JUST,5
FIGS,5
TANS,5
WOAH,5
MISS,5
MIST,5
DINE,5
RASH,5
FORM,5
RASE,5
BITE,5
MIRE,5
PAYS,5
BRED,5
KNAP,5
DEEM,5
DEED,5
PUCE,5
MELT,5
TAPE,5
PUCK,5
DRAB,5
DEFT,5
FEAR,5
FEAT,5
DRAG,5
MEME,5
TAPS,5
SICK,5
BADE,5
LOBE,5
BEND,5
JUTS,5
SKEW,5
PUBE,5
OOZE,5
PUBS,5
SONG,5
MELD,5
VAIN,5
NUKE,5
VETS,5
TARE,5
FECK,5
TART,5
VALE,5
TARP,5
GAYS,5
SKID,5
BENT,5
DIRE,5
SKIM,5
SKIN,5
FILE,5
DIRK,5
LURE,5
DRAT,5
DRAW,5
LODE,5
KALE,5
RAWS,5
BRIE,5
VEST,5
THAT,5
SIFT,5
FEEL,5
CUMS,5
LOGO,5
INNS,5
TATS,5
THAW,5
FEES,5
DABS,5
PUGS,5
MAIL,5
VANS,5
FIND,5
MAIN,5
DELI,5
LURK,5
MAGS,5
FILM,5
SKIS,5
SKIT,5
PLUG,5
RAYS,5
PLUM,5
NUMB,5
BAIL,5
LUSH,5
FEED,5
HEAD,5
ZITS,5
HEAP,5
HEAR,5
HEAT,5
DADS,5
DIVE,5
DELT,5
SEAM,5
MESS,5
FRAT,5
DREW,5
BALK,5
BALE,5
BLAM,5
BALD,5
TAUT,5
BLAH,5
BETA,5
MERE,5
PHON,5
RUBS,5
BEST,5
RUED,5
NOES,5
GUFF,5
GLUE,5
FIRE,5
GLUG,5
RUES,5
DENS,5
BALM,5
SEAT,5
PYRO,5
SEAR,5
FRAY,5
NODE,5
BANG,5
BANE,5
BAND,5
CURT,5
CURS,5
MALE,5
CURL,5
HIKE,5
CURE,5
CURD,5
MALT,5
VATS,5
FIST,5
HEEL,5
RUGS,5
JIGS,5
SMUG,5
FREE,5
CUSS,5
MEWS,5
SCAG,5
KNOB,5
SEED,5
SCAB,5
SEER,5
LONE,5
SCAM,5
BANS,5
SEEM,5
SEEN,5
SEEK,5
LONG,5
FELL,5
STAG,5
VAST,5
STAB,5
GLUT,5
KHAN,5
STAT,5
SILK,5
STAR,5
JOSH,5
SILT,5
ZAGS,5
CUTE,5
SILO,5
STAY,5
LICH,5
GYRE,5
JEAN,5
TUCK,5
WICK,5
FEND,5
FITS,5
NUTS,5
SCAT,5
SEES,5
HINT,5
BARK,5
PUNK,5
FELT,5
SCAR,5
KNOW,5
AIDS,5
DALE,5
HEFT,5
FADS,5
KNOT,5
BARE,5
LIBS,5
BARF,5
PUNS,5
BARD,5
BARB,5
MAPS,5
TUBS,5
PUNY,5
WONT,5
TYKE,5
LICE,5
SINS,5
THIN,5
DAMN,5
POEM,5
LIES,5
BASK,5
BASH,5
LIEU,5
BASE,5
LORD,5
MAST,5
MASS,5
RULE,5
BARS,5
LIFE,5
MARE,5
HIPS,5
ZEST,5
DANK,5
PUPS,5
BATH,5
LIDS,5
STEM,5
BLIN,5
STEW,5
STET,5
CZAR,5
DAMS,5
BAST,5
LIED,5
SIPS,5
HISS,5
FAIN,5
FAIR,5
MAUL,5
TUGS,5
GUNK,5
JEER,5
SACK,5
LOTH,5
WIGS,5
NONE,5
HELL,5
HELM,5
PURR,5
SIRE,5
MATS,5
WORT,5
GUMS,5
WORM,5
PUSH,5
LEAK,5
FEST,5
HEMS,5
ZAPS,5
NICK,5
BAWL,5
LEAP,5
ROCS,5
LOVE,5
WEAN,5
MAWS,5
WEAR,5
RODE,5
TYRE,5
DAPS,5
HELP,5
HITS,5
PUTS,5
STIM,5
ROBE,5
DARN,5
SPAR,5
NIBS,5
DARK,5
RUNS,5
DARE,5
SPAM,5
SITS,5
SPAY,5
SELL,5
SPAT,5
SADS,5
LEAF,5
LEAD,5
HAGS,5
DRUM,5
SAGE,5
ROES,5
NORM,5
SPED,5
SAGS,5
HENS,5
HAFT,5
SAFE,5
WOVE,5
DATE,5
FAME,5
LIKE,5
GOES,5
FLEA,5
RUST,5
NOSY,5
LEES,5
WEED,5
LEER,5
GUTS,5
HERD,5
SAID,5
POND,5
HERE,5
WEES,5
DYED,5
NOTE,5
LINE,5
SAIL,5
LINK,5
FLEX,5
WEEK,5
PONG,5
TUNE,5
FANS,5
WILD,5
WILE,5
LILT,5
SNAG,5
SPEW,5
JABS,5
GUST,5
WILT,5
NOSH,5
RUSE,5
OATS,5
WEDS,5
WILY,5
LEEK,5
HAIL,5
JACK,5
BUBO,5
HUSH,6
PATH,6
GANT,6
NEAP,6
RAND,6
LUGE,6
OPTS,6
DRYS,6
JIVE,6
PICS,6
RANG,6
RANT,6
FARM,6
REVS,6
YEAS,6
YEAH,6
KISS,6
WIND,6
SERF,6
IBIS,6
WINE,6
EASY,6
SIZE,6
WINK,6
SERA,6
MUCH,6
LUFF,6
HURT,6
SURF,6
GANG,6
VEIN,6
WINS,6
EYES,6
MINX,6
MINT,6
WHOM,6
AXON,6
TERM,6
FATE,6
VITE,6
BUFF,6
MUFF,6
TURF,6
TURD,6
RAPT,6
WEIR,6
MEET,6
SPIN,6
EAVE,6
KITE,6
VISE,6
GAPE,6
GLEN,6
EYED,6
MINI,6
IRKS,6
MIND,6
AIRS,6
MINE,6
DEAF,6
DEAD,6
STUB,6
FAVE,6
VIVE,6
DEBT,6
VEND,6
GASH,6
IAMB,6
NINE,6
JERK,6
STUD,6
GRUB,6
STUN,6
VENT,6
SANG,6
SAND,6
NILS,6
BIRD,6
CLUB,6
GARB,6
NUDE,6
CUFF,6
PAWN,6
TUSH,6
WIRY,6
DECO,6
HEWN,6
HEWS,6
GARS,6
FAUX,6
TUSK,6
ZEAL,6
TANG,6
OILY,6
RATE,6
HARD,6
LEND,6
SCUM,6
HARM,6
MACE,6
NIPS,6
BABE,6
MISO,6
LENS,6
RIDE,6
DING,6
DUCT,6
FIFE,6
WADE,6
AUNT,6
TUTU,6
LADY,6
GATE,6
WITH,6
JURY,6
DUDE,6
FAWN,6
HEYS,6
RICH,6
KEPT,6
RICE,6
WAGE,6
MYTH,6
SASH,6
FAZE,6
TEXT,6
DEFY,6
HATE,6
ZINE,6
GIFS,6
GAWK,6
RIFE,6
APED,6
RIFF,6
ARID,6
BYTE,6
VERS,6
VERT,6
SHAH,6
GIGA,6
MEMO,6
DUET,6
LUNG,6
DINK,6
LUNE,6
DINO,6
GAVE,6
SARS,6
MITE,6
DINT,6
WEND,6
JAMB,6
HASH,6
WAFT,6
OINK,6
EGGY,6
KERN,6
MADE,6
RAVE,6
MITT,6
YIPS,6
OOZY,6
WENT,6
VETO,6
HAVE,6
PINA,6
TARS,6
JAPE,6
WAIF,6
MAGE,6
PINK,6
MAGI,6
PING,6
ZIPS,6
PINT,6
WAIT,6
SICS,6
GHEE,6
BUOY,6
ANDS,6
HIDE,6
DIPS,6
MEND,6
WRIT,6
INKS,6
SIDE,6
CITY,6
KNEW,6
WEPT,6
TICS,6
WHYS,6
REAP,6
NAES,6
DISS,6
THAN,6
VANE,6
MAID,6
FEET,6
DREG,6
JARL,6
BAHT,6
WUSS,6
SHEA,6
LUTE,6
JARS,6
FINE,6
MAIM,6
PUFF,6
BERM,6
TASK,6
UNIT,6
GAZE,6
DADA,6
DIRT,6
BERG,6
FOXY,6
LAKE,6
BAIT,6
CENT,6
REAL,6
YELP,6
DISH,6
RAZE,6
YULE,6
DISK,6
PLUS,6
MESA,6
TIES,6
RECS,6
TIER,6
HAZE,6
BAKE,6
LAND,6
HEAL,6
MESH,6
MAKE,6
LANE,6
DIVA,6
KEYS,6
REDO,6
MUSH,6
SEAL,6
MUSE,6
FINK,6
RUBE,6
SHES,6
BUSY,6
FINS,6
NUNS,6
KNIT,6
TIDY,6
MERC,6
BUSH,6
RUBY,6
PITA,6
GINS,6
PACT,6
EELS,6
PITH,6
RIND,6
MAMA,6
NOEL,6
MUTT,6
NERD,6
RINK,6
DENY,6
DAFT,6
DUOS,6
VASE,6
DENT,6
PITY,6
VIBE,6
FIRM,6
META,6
SEAS,6
RUDE,6
MUSK,6
LEWD,6
WAND,6
METH,6
WANE,6
DUNG,6
METE,6
REEF,6
GEEZ,6
VIAL,6
WANT,6
GYMS,6
THEN,6
KART,6
OAFS,6
PISS,6
MUTE,6
CURB,6
MOJO,6
TEAS,6
LARD,6
FACT,6
CUSP,6
SCAD,6
YAKS,6
FRET,6
SCAN,6
RIPS,6
FADE,6
SMUT,6
SUCH,6
SECS,6
FIRS,6
SECT,6
RUFF,6
REFS,6
MANE,6
QUIT,6
MANO,6
YURT,6
DAIS,6
FISH,6
TEAK,6
VICE,6
FACE,6
OURS,6
LATE,6
FEMS,6
DESK,6
FUME,6
VIER,6
HUGE,6
DUSK,6
VIES,6
VIEW,6
RUIN,6
GYRO,6
FIVE,6
OAKS,6
TUBE,6
WARS,6
WART,6
SWIG,6
TUBA,6
SING,6
SINE,6
WARM,6
PUNT,6
HUFF,6
SINK,6
SUET,6
AIDE,6
WASH,6
THIS,6
WARY,6
REIN,6
DEUS,6
YEWS,6
RACY,6
LAVA,6
HEIR,6
LAVE,6
TING,6
MASH,6
RITE,6
TWIN,6
MASK,6
WAVE,6
AKIN,6
ANON,6
HIRE,6
CLEF,6
NEXT,6
TSAR,6
LYES,6
MICE,6
TINT,6
DEVS,6
FENS,6
YANG,6
RISK,6
DANG,6
MARK,6
NEWT,6
AWAY,6
ZETA,6
FUNS,6
MART,6
DUTY,6
MARS,6
NEWS,6
RACE,6
WIDE,6
TEEM,6
PUSS,6
GENS,6
DEWS,6
BAUD,6
WHEN,6
GUNS,6
JEEZ,6
YARD,6
GAGA,6
SACS,6
GAGE,6
WHEE,6
RUNG,6
RAFT,6
FERN,6
RUNE,6
TYPE,6
RENT,6
CRUD,6
GEMS,6
TUFF,6
MATE,6
TINY,6
MICS,6
BIER,6
MATH,6
GIVE,6
ITEM,6
SIRS,6
VEAL,6
GENE,6
PESO,6
WIFE,6
GAFF,6
YOLK,6
FUSE,6
LAZE,6
SULK,6
FETA,6
FUSS,6
PANG,6
REPS,6
WEAK,6
HIVE,6
WEAL,6
PANT,6
LAZY,6
DYAD,6
BYES,6
DART,6
PUTT,6
SITE,6
WHET,6
SPAS,6
SELF,6
RAGE,6
SPAN,6
STIR,6
WHEY,6
PUTZ,6
RUNT,6
FURS,6
FAKE,6
FURY,6
NICE,6
RAGU,6
GNAW,6
FESS,6
KINS,6
DRUG,6
VINE,6
NAVE,6
SHUN,6
DASH,6
SAGA,6
CIEL,6
FANG,6
MAZE,6
SPEC,6
MEAD,6
GAIT,6
SEND,6
FEUD,6
LUBE,6
AILS,6
DATA,6
KINE,6
KIND,6
WEBS,6
OARS,6
GERM,6
KINK,6
TREE,6
TACT,6
SUNG,6
SENT,6
TACO,6
TEND,6
HAIR,6
HERB,6
EASE,6
AIMS,6
TENT,6
RUTH,6
TUNA,6
DIET,6
JADE,6
HERO,6
SWUM,6
HERS,6
OATH,6
GUSH,6
MEAL,6
LILY,6
ADDS,6
ERST,6
RAKE,6
YAWL,6
YAWN,6
EARL,6
RUSK,6
RUSH,6
ODDS,7
JAVA,7
SESH,7
ZING,7
APES,7
MIDI,7
PHIS,7
AXED,7
RAFF,7
ZINC,7
AVID,7
ALMS,7
THEY,7
RENO,7
GYNO,7
RING,7
ARIA,7
ELSE,7
QUID,7
OPUS,7
VARY,7
FUZE,7
JIFF,7
NARY,7
VERY,7
EAUX,7
IDEM,7
WING,7
SARI,7
AWLS,7
WAVY,7
TUFT,7
KERB,7
DOJO,7
THEE,7
THUS,7
VERA,7
VERB,7
VEIL,7
THEM,7
WINO,7
APEX,7
DEWY,7
EVES,7
TWEE,7
ARKS,7
WHOA,7
AWED,7
CRUX,7
OWLY,7
FETE,7
NADA,7
REPO,7
MEGA,7
AMID,7
AGED,7
ACED,7
KNEE,7
KATA,7
TYPO,7
WAXY,7
MANA,7
VISA,7
OPES,7
JINX,7
QUIP,7
AIRY,7
INKY,7
ANTS,7
QUIZ,7
RHEA,7
KETO,7
MENU,7
MANY,7
AERO,7
EXES,7
ZERO,7
ANEW,7
TREK,7
FAVA,7
RAZZ,7
ONLY,7
ARMS,7
MAYO,7
NANO,7
NAVY,7
ANUS,7
VINY,7
NAFF,7
DEBE,7
VINO,7
ABED,7
KAVA,7
ACID,7
UNIS,7
MAXI,7
TRUE,7
CHUB,7
KING,7
DISC,7
VIVA,7
OFFS,7
EWES,7
OILS,7
TWIG,7
LEVA,7
BABY,7
TWIT,7
TIFF,7
TWAS,7
ENDS,7
HAZY,7
MECH,7
MACH,7
RITZ,7
MAKO,7
MICA,7
JIBE,7
WATT,7
AWRY,7
OAKY,7
EKED,7
WREN,7
OUCH,7
APTS,7
MAZY,7
EDGY,7
EKES,7
DEMO,7
NARC,8
AXEL,8
TWOS,8
NANA,8
ALAS,8
ARMY,8
ASKS,8
ALES,8
ABET,8
KAKA,8
AHEM,8
AREA,8
JAZZ,8
ONUS,8
ICED,8
ZANY,8
EDGE,8
THUG,8
EACH,8
ALBS,8
OWED,8
CHUM,8
THUD,8
CHUG,8
ICKY,8
KANA,8
IDES,8
ELMS,8
EXEC,8
TECH,8
OWES,8
TAXI,8
EVEN,8
AXES,8
AFRO,8
AVES,8
EVER,8
ACTS,8
ANTE,8
PSIS,8
OWLS,8
AGES,8
ACES,8
ACER,8
EDDY,8
IDEA,8
AGEE,8
LEVY,8
VEGA,8
QUAD,8
GNUS,8
AWNS,8
ODES,8
ONES,8
DITZ,8
APPS,8
ARTS,8
FUZZ,8
OPEN,8
ALPS,8
ORES,8
DODO,8
AWES,8
ANTI,8
AGRO,8
ARCS,8
EWER,8
ARCH,9
OWNS,9
BUZZ,9
ORBS,9
ELFS,9
BEVY,9
JIZZ,9
ABUT,9
UREA,9
OMEN,9
FIZZ,9
ICER,9
AGUE,9
ICES,9
ASPS,9
ELKS,9
OWER,9
OVER,9
AMPS,9
TAXA,9
ELMY,9
ETCH,9
ALBA,9
OVEN,9
ORCS,9
OXEN,9
QUAY,9
AVER,9
AXIS,9
ITCH,10
OXER,10
ORCA,10
IMPS,10
ALGA,10
AMEN,10
ARGH,10
UMPS,10
UMPH,11
INCH,11
AUGH,11